# f,1/f,realY,imagY,realZ,imagZ,realM,imagM,realE,imagE,tandelta
2.000000000000000000e+06,4.999999999999999774e-07,-5.423904362308878621e-07,1.912229781745920050e-03,-1.483309686088562229e-01,-5.229496627929687520e+02,5.818599836050382390e-04,-1.650404639366543398e-07,1.718626383878450497e+03,-4.874762034187395399e-01,2.836429185490825186e-04
1.888121750000000000e+06,5.296268633100592834e-07,-6.414373103499492679e-08,1.810715482935315720e-03,-1.956382579505443892e-02,-5.522678787304688512e+02,5.801073750704784267e-04,-2.055002665444538254e-08,1.723818799275929450e+03,-6.106545752542896777e-02,3.542452231700850398e-05
1.782501875000000000e+06,5.610092275499009038e-07,3.717586209019997327e-07,1.708679377149966046e-03,1.273326777839660640e-01,-5.852472769531250378e+02,5.803607115020130479e-04,1.262695041673436200e-07,1.723066246291743937e+03,3.748887825360483483e-01,-2.175707308658946524e-04
1.682790250000000000e+06,5.942511254744909383e-07,7.502065925889976125e-07,1.615358951062475850e-03,2.875032096862793485e-01,-6.190573207617187563e+02,5.795480625163414298e-04,2.691542811187383122e-07,1.725482059195047441e+03,8.013500747624845433e-01,-4.644209833954004865e-04
1.588656500000000000e+06,6.294626937918927447e-07,1.019540455560794090e-06,1.531039045056814931e-03,4.349423914623261056e-01,-6.531509172070312843e+02,5.772609137749614176e-04,3.844061697235972831e-07,1.732318147125538189e+03,1.153575043431411373e+00,-6.659140789730546390e-04
1.499788375000000000e+06,6.667607354937658813e-07,1.309428744823839269e-06,1.446619777025051189e-03,6.257094560623169821e-01,-6.912660787304688483e+02,5.767715584816349725e-04,5.220730905710673379e-07,1.733787261130861680e+03,1.569362532705670166e+00,-9.051644154324068681e-04
1.415891625000000000e+06,7.062687442621181909e-07,1.440588733843907099e-06,1.371040142720035462e-03,7.663712308120728123e-01,-7.293724412695313504e+02,5.745237283765759198e-04,6.036675255790068149e-07,1.740570226402871867e+03,1.828863926365818182e+00,-1.050726881698658835e-03
1.336687875000000000e+06,7.481178057368104391e-07,1.556285609741256136e-06,1.295207041712158075e-03,9.277058194732666907e-01,-7.720762194921875334e+02,5.741413050210779660e-04,6.898726012029689809e-07,1.741728991590443002e+03,2.092814259331177595e+00,-1.201572844820217832e-03
1.261914750000000000e+06,7.924465578994143479e-07,1.634470868521096756e-06,1.219128802737210783e-03,1.099707583885193074e+00,-8.202563997460938481e+02,5.758485154974445422e-04,7.720329641531522559e-07,1.736564696526387252e+03,2.328190755071827045e+00,-1.340687599908518607e-03
1.191324250000000000e+06,8.394020351722043748e-07,1.697801702429108482e-06,1.152419403285922248e-03,1.278394514160156259e+00,-8.677377582226563391e+02,5.751049227653196689e-04,8.472732359089465276e-07,1.738809371916438977e+03,2.561700630362409470e+00,-1.473249840802856852e-03
1.124682625000000000e+06,8.891397250846655899e-07,1.739462230521995094e-06,1.085490129300525084e-03,1.476257546577453672e+00,-9.212404655859376135e+02,5.764101231046100211e-04,9.236782641930539220e-07,1.734871391084625657e+03,2.780074344434114053e+00,-1.602467110081305397e-03
1.061768875000000000e+06,9.418245566861243833e-07,1.755446397812166549e-06,1.028040487717097207e-03,1.660985605010986577e+00,-9.727214989843751027e+02,5.745755114259197549e-04,9.811252804289135847e-07,1.740410206044315601e+03,2.971864302446396433e+00,-1.707565430336671327e-03
1.002374437500000000e+06,9.976311870981846032e-07,1.759251657358569490e-06,9.704732696470857100e-04,1.867924790649414302e+00,-1.030421697460937594e+03,5.746105363793414713e-04,1.041640785045695460e-06,1.740303476074874425e+03,3.154782177261791443e+00,-1.812777036093250142e-03
9.463025000000000000e+05,1.056744539933055151e-06,1.782517820478322188e-06,9.185863747027196886e-04,2.112478251266479479e+00,-1.088625154921875037e+03,5.731086458566370676e-04,1.112117926460934077e-06,1.744863284997484698e+03,3.385909028764906292e+00,-1.940501045484366999e-03
8.933671875000000000e+05,1.119360565277085465e-06,1.787145333472333970e-06,8.675937816770157036e-04,2.374243006515503129e+00,-1.152608257460937693e+03,5.728492268129746013e-04,1.180004794989603790e-06,1.745652625641356508e+03,3.595847514891570729e+00,-2.059887208986065695e-03
8.433930000000000000e+05,1.185686862470995129e-06,1.796901643525143309e-06,8.194188209541738164e-04,2.676149355545044184e+00,-1.220371274921875056e+03,5.725989881457182540e-04,1.255651001134884837e-06,1.746414527313730105e+03,3.829708391066757311e+00,-2.192897694774374392e-03
7.962143125000000000e+05,1.255943260879274967e-06,1.779937569277922427e-06,7.740701748041023660e-04,2.970583777389526503e+00,-1.291865705585937576e+03,5.722370285801185947e-04,1.315831844263325884e-06,1.747518357956668297e+03,4.018335390737823865e+00,-2.299452462082497272e-03
7.516748125000000000e+05,1.330362522956028934e-06,1.748975840470807732e-06,7.315685200968047482e-04,3.267919198226929112e+00,-1.366918145078125235e+03,5.716117057665577985e-04,1.366563809202352865e-06,1.749429331835034418e+03,4.182396524642130409e+00,-2.390720475833725545e-03
7.096267500000000000e+05,1.409191522162883532e-06,1.743251002724665093e-06,6.909951548977334409e-04,3.650960675354004259e+00,-1.447178939492187737e+03,5.713218309890768804e-04,1.441337681879405560e-06,1.750315813642102739e+03,4.415718077890161020e+00,-2.522812193933059426e-03
6.699308750000000000e+05,1.492691316846682028e-06,1.701585596473384047e-06,6.523039560872191797e-04,3.998994626922607765e+00,-1.533017216953125171e+03,5.713544750537682872e-04,1.490422580086437293e-06,1.750215039926372356e+03,4.565572038737717442e+00,-2.608577765923997781e-03
6.324555625000000000e+05,1.581138753918383044e-06,1.687145903649799503e-06,6.155198607914549608e-04,4.453128603210450009e+00,-1.624630740000000060e+03,5.716277324434097503e-04,1.566837154473685460e-06,1.749377138593107702e+03,4.795059690715576473e+00,-2.741009691353278859e-03
5.970765000000000000e+05,1.674827262503213635e-06,1.639939316373996452e-06,5.816077320777679168e-04,4.848015302276611926e+00,-1.719358245078125265e+03,5.711168339558432777e-04,1.610358491798717295e-06,1.750941296236445851e+03,4.937068945254411645e+00,-2.819665602648344701e-03
5.636765625000000000e+05,1.774067020925674973e-06,1.605517887376875985e-06,5.496078948933497696e-04,5.315027517700196213e+00,-1.819463431875000197e+03,5.705607813244531739e-04,1.666725585209965725e-06,1.752646693148011536e+03,5.119842058759173753e+00,-2.921206013040302755e-03
5.321450000000000000e+05,1.879187063676253656e-06,1.561285452779476504e-06,5.185573707094191104e-04,5.806103228454590592e+00,-1.928409451875000286e+03,5.708971103498788717e-04,1.718871245053763883e-06,1.751613236232076588e+03,5.273800777113218707e+00,-3.010824917296113252e-03
5.023772812500000000e+05,1.990535872784354564e-06,1.528077293196635029e-06,4.894401991072667556e-04,6.378841578826905057e+00,-2.043130610156250214e+03,5.710244828596908705e-04,1.782790926672556881e-06,1.751221327024499260e+03,5.467473963251919145e+00,-3.122091924577977563e-03
4.742747500000000000e+05,2.108482477719929384e-06,1.483844092049426224e-06,4.622374254197335114e-04,6.944701531066895583e+00,-2.163368087812500107e+03,5.708066581500106018e-04,1.832365881298478770e-06,1.751888631409166464e+03,5.623797322954866118e+00,-3.210134035992489275e-03
4.477442187500000000e+05,2.233418005466988388e-06,1.412545115620042193e-06,4.369684629021325134e-04,7.397715095520020157e+00,-2.288470760000000155e+03,5.700382027919973123e-04,1.842706619427141277e-06,1.754250058146653146e+03,5.670792200319993981e+00,-3.232601973695315659e-03
4.226978125000000000e+05,2.365756269438938768e-06,1.375601570927459983e-06,4.126606673517478337e-04,8.077959748840333631e+00,-2.423271629843750361e+03,5.698502007892763737e-04,1.899591827904644199e-06,1.754827648671240013e+03,5.849706214334880805e+00,-3.333493302754999329e-03
3.990524687500000000e+05,2.505936131988909165e-06,1.336501068783943915e-06,3.893360442716926493e-04,8.816880784912109803e+00,-2.568445000000000164e+03,5.702021882372110967e-04,1.957372930696784917e-06,1.753743210493258402e+03,6.020196972980960126e+00,-3.432769938586230016e-03
3.767298125000000000e+05,2.654422259188738750e-06,1.299558168863955286e-06,3.679379164767943955e-04,9.599336506347656339e+00,-2.717815914921875446e+03,5.696113498712344469e-04,2.011869529215735970e-06,1.755561094999043235e+03,6.200648695823244516e+00,-3.532003935087558739e-03
3.556558750000000000e+05,2.811706681353148047e-06,1.267867193948834944e-06,3.475094316808987325e-04,1.049868224182129062e+01,-2.877581434921875370e+03,5.693590359278987529e-04,2.077272089392322235e-06,1.756337611179741089e+03,6.407891802942559778e+00,-3.648439663396120004e-03
3.357608125000000000e+05,2.978310638916505508e-06,1.230203869945012474e-06,3.280362355966792926e-04,1.143213493988037222e+01,-3.048400840000000244e+03,5.694173386491655810e-04,2.135433033322750253e-06,1.756156457257925467e+03,6.585950683216206691e+00,-3.750207252888819887e-03
3.169786250000000000e+05,3.154786856684737224e-06,1.194452686871512684e-06,3.095371505076185492e-04,1.246628135070800880e+01,-3.230581880000000183e+03,5.696909723538721992e-04,2.198343273169658097e-06,1.755311490166267731e+03,6.773456828323207723e+00,-3.858834666251519888e-03
2.992471250000000000e+05,3.341719657289940399e-06,1.161646524246472208e-06,2.919939785085179135e-04,1.362446108215332075e+01,-3.424673954921875520e+03,5.701351605131015510e-04,2.268182141781491294e-06,1.753942297282961135e+03,6.977749965169874891e+00,-3.978323560575017584e-03
2.825075000000000000e+05,3.539729033742467086e-06,1.147414545408831832e-06,2.763627496122648877e-04,1.502290271545410327e+01,-3.618370290156250121e+03,5.686847708843044890e-04,2.361089469476682992e-06,1.758413120414561945e+03,7.300653919647708712e+00,-4.151842268969485779e-03
2.667042812500000000e+05,3.749471119522945231e-06,1.091226393886447246e-06,2.608286968430022505e-04,1.603971019775390872e+01,-3.833866860312500194e+03,5.688471958997279006e-04,2.379880288355362018e-06,1.757910567640648651e+03,7.354552749447009319e+00,-4.183689935556735365e-03
2.517850781250000000e+05,3.971641240405616026e-06,1.067586991213198917e-06,2.462034996420008558e-04,1.761191835937500016e+01,-4.061604320000000371e+03,5.689265588021686889e-04,2.466977902491485301e-06,1.757663062611197574e+03,7.621574117785416824e+00,-4.336197465777512881e-03
2.377004531250000000e+05,4.206975573050876958e-06,1.037314073104901557e-06,2.325570800141288298e-04,1.917973038208008063e+01,-4.299934040000000095e+03,5.686177476080904458e-04,2.536302880029488643e-06,1.758615711173642012e+03,7.844254091395426620e+00,-4.460470835985213579e-03
2.244036875000000000e+05,4.456254757400098661e-06,1.005329557251790600e-06,2.189107601141453217e-04,2.097804796325683796e+01,-4.567975140312500116e+03,5.702723674147245443e-04,2.618928673707208735e-06,1.753511071703575908e+03,8.052854544165271022e+00,-4.592417278746771872e-03
2.118507500000000000e+05,4.720304270813296439e-06,9.793114724468625994e-07,2.072055569961238038e-04,2.280911024047851754e+01,-4.826017589843750102e+03,5.687841868226949224e-04,2.688233305983414942e-06,1.758096807090709262e+03,8.309257714011687668e+00,-4.726279963935439178e-03
2.000000000000000000e+05,5.000000000000000409e-06,9.537229028505976175e-07,1.955003824149377240e-04,2.495264879760742360e+01,-5.114957780312500290e+03,5.691158178203742759e-04,2.776356665522137829e-06,1.757069775212204149e+03,8.571633803609325142e+00,-4.878368477184757968e-03
1.888121718750000000e+05,5.296268720758286387e-06,9.278286144925494129e-07,1.847741544529412304e-04,2.717530108886719020e+01,-5.411875859687500451e+03,5.684685219112580595e-04,2.854519143270549558e-06,1.759068000134834847e+03,8.833019045306762962e+00,-5.021419890890915783e-03
1.782501875000000000e+05,5.610092275499009038e-06,9.271308869282671149e-07,1.740198923780186227e-04,3.061476506347656468e+01,-5.746306370156250523e+03,5.698327159853732457e-04,3.035914481688278572e-06,1.754851183608386691e+03,9.349372143914020938e+00,-5.327729343230981629e-03
1.682790312500000000e+05,5.942511034035917868e-06,9.009612242850427684e-07,1.642659529181801008e-04,3.338857782226563131e+01,-6.087505660312500368e+03,5.698991230218865278e-04,3.125766493148589167e-06,1.754643721653252669e+03,9.623819955144314875e+00,-5.484771544434446575e-03
1.588656406250000000e+05,6.294627309378276984e-06,8.823651791723245263e-07,1.554829947205053464e-04,3.649795916503906312e+01,-6.431364389843750359e+03,5.684099903418182893e-04,3.225723712569791362e-06,1.759236840419329155e+03,9.983659838129147701e+00,-5.674994752695979375e-03
1.499788437500000000e+05,6.667607077081496916e-06,8.612151899626683468e-07,1.467002960447733734e-04,4.001609759521484477e+01,-6.816383909843750189e+03,5.687385300238508197e-04,3.338822581681015523e-06,1.758216622824855904e+03,1.032174374317206755e+01,-5.870575678319169335e-03
1.415891562500000000e+05,7.062687754380907746e-06,8.409682702599639044e-07,1.388923360815337755e-04,4.359203301269531750e+01,-7.199557360000000699e+03,5.671062026067483827e-04,3.433726695905878661e-06,1.763273503070482548e+03,1.067630590504238874e+01,-6.054821266497321768e-03
1.336687812500000000e+05,7.481178407168278094e-06,8.187738896030289514e-07,1.310866716910041526e-04,4.764638637939453503e+01,-7.628243020312500448e+03,5.672612479630631706e-04,3.543142048114561278e-06,1.762787414041740249e+03,1.101045811080173387e+01,-6.246049877084623725e-03
1.261914687500000000e+05,7.924465971476379392e-06,7.961466943042846919e-07,1.232790263511928308e-04,5.238375084838867934e+01,-8.111341600000000653e+03,5.694443577835428148e-04,3.677521282071735494e-06,1.756024589903884817e+03,1.134055981579779449e+01,-6.458087136706050502e-03
1.191324296875000000e+05,8.394020021442785741e-06,7.769188890803362488e-07,1.164485712947234224e-04,5.729121336669922471e+01,-8.587099680625000474e+03,5.691216552606338536e-04,3.797052718127158535e-06,1.757015358897597253e+03,1.172241450070640667e+01,-6.671776909259001347e-03
1.124682656250000000e+05,8.891397003793709197e-06,7.589814652594051682e-07,1.096106378716761495e-04,6.316913612548828638e+01,-9.122764680625001347e+03,5.708014633701840321e-04,3.952424139234599384e-06,1.751838633861387962e+03,1.213032857981139756e+01,-6.924341286545228173e-03
1.061768906250000000e+05,9.418245289663284558e-06,7.413548782049514976e-07,1.037502741322567448e-04,6.886926843017579358e+01,-9.638036639375000959e+03,5.693078645820729431e-04,4.068029372822083681e-06,1.756429175918639885e+03,1.255068816617171912e+01,-7.145570307215781854e-03
1.002374453125000000e+05,9.976311715471225527e-06,7.272085376008953885e-07,9.788821878410446228e-05,7.588818205078125345e+01,-1.021517017968750042e+04,5.696448863720193030e-04,4.231874171539142921e-06,1.755382761064712895e+03,1.304068402162999440e+01,-7.428968946761374363e-03
9.463025000000000000e+04,1.056744539933055193e-05,7.113260715425616530e-07,9.261280292756063467e-05,8.292797313964844363e+01,-1.079700624062500174e+04,5.684103107386237301e-04,4.365757871276659541e-06,1.759188727367149568e+03,1.351170428907990484e+01,-7.680645105827783002e-03
8.933671875000000000e+04,1.119360565277085465e-05,6.901539066908921150e-07,8.743668662572332733e-05,9.026751987304687930e+01,-1.143613442031250088e+04,5.683787807348139555e-04,4.486318628283139351e-06,1.759280492888507069e+03,1.388632566018208259e+01,-7.893184581034353581e-03
8.433929687500000000e+04,1.185686906403913498e-05,6.792413242909222252e-07,8.255037528342476603e-05,9.966819516357422515e+01,-1.211299522031250126e+04,5.683424947883477726e-04,4.676437962703688805e-06,1.759383312725023188e+03,1.447656472993220689e+01,-8.228203953753636737e-03
7.962143750000000000e+04,1.255943162292190401e-05,6.645705364005989516e-07,7.795691774693015187e-05,1.093453208618164183e+02,-1.282666582031250073e+04,5.681622849824240380e-04,4.843494655844424159e-06,1.759932608607406564e+03,1.500315034937597858e+01,-8.524843665035345200e-03
7.516748437500000000e+04,1.330362467647767420e-05,6.530207188021221131e-07,7.365669179183837400e-05,1.203561834667968924e+02,-1.357543192062500202e+04,5.676913535177684949e-04,5.033001166813200040e-06,1.761382129078460139e+03,1.561594739099428075e+01,-8.865735114029122538e-03
7.096267968750000000e+04,1.409191429077542106e-05,6.402704688678531814e-07,6.955003790648648569e-05,1.323524317236328329e+02,-1.437691896000000088e+04,5.675765437592471306e-04,5.225051067258102597e-06,1.761727593645282013e+03,1.621828235258948325e+01,-9.205896763546396119e-03
6.699308593750000000e+04,1.492691351661173024e-05,6.293183372639354423e-07,6.563980341238996011e-05,1.460481045556640822e+02,-1.523325843875000101e+04,5.677424936513322546e-04,5.443202805682013718e-06,1.761200016611323235e+03,1.688541720760004239e+01,-9.587450061514769806e-03
6.324555468750000000e+04,1.581138792980880177e-05,6.194470876632838394e-07,6.192439782324828720e-05,1.615240426318359539e+02,-1.614710807937500067e+04,5.681373817227296230e-04,5.683237284039648132e-06,1.759961545516096976e+03,1.760538805530416084e+01,-1.000327995810925373e-02
5.970765234375000000e+04,1.674827196759942136e-05,6.094664091032406778e-07,5.850127542983331335e-05,1.780622971142578308e+02,-1.709178936125000109e+04,5.677356093619542179e-04,5.914670759150940222e-06,1.761192112178593788e+03,1.834810308773293386e+01,-1.041800207987323909e-02
5.636766015625000000e+04,1.774066897983738318e-05,6.009977674732817715e-07,5.527247466311581469e-05,1.966996995458984543e+02,-1.809004916125000091e+04,5.672811620224135981e-04,6.168254886055078235e-06,1.762585911287856788e+03,1.916523919220783867e+01,-1.087336456593171116e-02
5.321450000000000000e+04,1.879187063676253741e-05,5.933677859784582989e-07,5.214256017506509655e-05,2.182142089111328289e+02,-1.917570820000000094e+04,5.676883812018407131e-04,6.460135381701379394e-06,1.761301713805001782e+03,2.004312206481014869e+01,-1.137972098006439191e-02
5.023773046875000000e+04,1.990535779919521648e-05,5.856501594978998375e-07,4.920722852025242230e-05,2.418348812695312802e+02,-2.031933924000000115e+04,5.678952028423544683e-04,6.758923965527392570e-06,1.760638872029297772e+03,2.095461311741585320e+01,-1.190170991355185733e-02
4.742747265625000000e+04,2.108482581915989513e-05,5.797596619248314801e-07,4.646772033142545615e-05,2.684588106347656549e+02,-2.151696599875000175e+04,5.677270972756706668e-04,7.083310040486589521e-06,1.761135523050809297e+03,2.197300250938363675e+01,-1.247661081261927825e-02
4.477442187500000000e+04,2.233418005466988388e-05,5.694649416764940818e-07,4.392405782709860707e-05,2.951135096191406433e+02,-2.276274080000000322e+04,5.670001156690361024e-04,7.351021371273003087e-06,1.763371674135722969e+03,2.286169350560687974e+01,-1.296476167839773555e-02
4.226978125000000000e+04,2.365756269438938853e-05,5.638060044778316946e-07,4.147782344938565345e-05,3.276555607617187889e+02,-2.410481512000000293e+04,5.668425102226808555e-04,7.705062230346316758e-06,1.763832542190016966e+03,2.397568858437433903e+01,-1.359295058396277518e-02
3.990524609375000000e+04,2.505936181049190454e-05,5.576651746809230699e-07,3.912904173793281640e-05,3.641555184765625199e+02,-2.555127544000000125e+04,5.672456635398296027e-04,8.084357244513675891e-06,1.762546613243481261e+03,2.511972747865259592e+01,-1.425195072283884715e-02
3.767298046875000000e+04,2.654422314235283347e-05,5.523348423702894112e-07,3.697649889052433706e-05,4.038815111425781765e+02,-2.703817160000000149e+04,5.666774198789950936e-04,8.464719288604032868e-06,1.764278736185912067e+03,2.635383681223045826e+01,-1.493745646405240414e-02
3.556558984375000000e+04,2.811706496063446205e-05,5.469424936568776405e-07,3.492022853846779069e-05,4.484158805078125170e+02,-2.862967352000000392e+04,5.664675268839848695e-04,8.872369245472450512e-06,1.764893299002599406e+03,2.764286439109168825e+01,-1.566262640733782560e-02
3.357608203125000000e+04,2.978310569617020602e-05,5.409609434067425487e-07,3.296182514022827814e-05,4.977673987304688126e+02,-3.032995664000000397e+04,5.665397859273003630e-04,9.297904341427009559e-06,1.764625807598044275e+03,2.896058205445331524e+01,-1.641174119167711221e-02
3.169786328125000000e+04,3.154786778929425490e-05,5.357533053622007523e-07,3.110112837282984183e-05,5.537117169531250056e+02,-3.214363592000000426e+04,5.668310023946475850e-04,9.764326858957317977e-06,1.763670905250514807e+03,3.038129375024774248e+01,-1.722616938330245526e-02
2.992471289062500000e+04,3.341719613668494594e-05,5.322594969790401744e-07,2.933803751354217495e-05,6.181848800000000210e+02,-3.407422752000000037e+04,5.672632106231949170e-04,1.029145971340612978e-05,1.762270047670628173e+03,3.197163302696822385e+01,-1.814230064752470062e-02
2.825075000000000000e+04,3.539729033742466832e-05,5.302254535632335263e-07,2.777156715906219613e-05,6.872290617773437589e+02,-3.599492992000000231e+04,5.657179015160402908e-04,1.080090400380243710e-05,1.767021356368857596e+03,3.373665212230810084e+01,-1.909238504713676662e-02
2.667042773437500000e+04,3.749471174439093340e-05,5.260912857535326568e-07,2.620484929757580094e-05,7.658130594921875627e+02,-3.814550128000000404e+04,5.659810815584174776e-04,1.136269518393255073e-05,1.766131669402296211e+03,3.545704347369942155e+01,-2.007610422709819181e-02
2.517850781250000000e+04,3.971641240405616026e-05,5.221160007987150792e-07,2.473551983904837684e-05,8.529654974609376268e+02,-4.040968856000000233e+04,5.660360597289339430e-04,1.194785821104875831e-05,1.765885116125495188e+03,3.727420651357893888e+01,-2.110794534321789803e-02
2.377004492187500000e+04,4.206975642186204338e-05,5.190643351918446437e-07,2.336434693284417639e-05,9.503850625390625737e+02,-4.277914088000000629e+04,5.657058481773894398e-04,1.256776963817281881e-05,1.766831105298950206e+03,3.925207135916432577e+01,-2.221608576023050008e-02
2.244036914062500000e+04,4.456254679828981102e-05,5.165395870876860972e-07,2.199299735397348585e-05,1.067321526093750208e+03,-4.544395064000000275e+04,5.673286077799016835e-04,1.332459055439831440e-05,1.761675107643017782e+03,4.137566690154553584e+01,-2.348654795770084569e-02
2.118507421875000000e+04,4.720304444885743841e-05,5.136486523000585934e-07,2.081761694550629310e-05,1.184512945585937587e+03,-4.800701152000000729e+04,5.658004243435638516e-04,1.396041757304055286e-05,1.766332320590519430e+03,4.358204007501446142e+01,-2.467374885629909642e-02
2.000000000000000000e+04,5.000000000000000240e-05,5.109138003062374901e-07,1.964226743061640173e-05,1.323337633906250176e+03,-5.087619808000000194e+04,5.660740581151301820e-04,1.472411722872562306e-05,1.765358921176929471e+03,4.591864144549631277e+01,-2.601093799944278334e-02
1.888121679687500000e+04,5.296268830330407457e-05,5.083335098439031306e-07,1.856498171368980941e-05,1.473785244062500169e+03,-5.382449824000000808e+04,5.653775717955240605e-04,1.548077826793188544e-05,1.767404430990625087e+03,4.839384770611588493e+01,-2.738130948273750226e-02
1.782501953125000000e+04,5.610092029615150211e-05,5.069703472524344340e-07,1.748731659238122104e-05,1.656423402031250134e+03,-5.713628144000000611e+04,5.665922031295992809e-04,1.642593044242593204e-05,1.763455686353899182e+03,5.112389525015051106e+01,-2.899074563980322608e-02
1.682790234375000000e+04,5.942511309922159888e-05,5.039130396873204677e-07,1.650780115877050936e-05,1.847449782031250152e+03,-6.052102496000000247e+04,5.665847289914495303e-04,1.729542476799269740e-05,1.763317990837949992e+03,5.382660719937272376e+01,-3.052575172433514075e-02
1.588656445312500000e+04,6.294627154603543034e-05,5.008491514060043112e-07,1.562590796054298014e-05,2.049134522031250071e+03,-6.393060136000000784e+04,5.650246385118821643e-04,1.811044269790559389e-05,1.768017931650809032e+03,5.666936494019488890e+01,-3.205248313702472457e-02
1.499788378906250000e+04,6.667607337571648297e-05,4.992357481262232585e-07,1.474419460726374301e-05,2.293854880000000321e+03,-6.774563496000001032e+04,5.652491386491321958e-04,1.913923304241930658e-05,1.767105436073756664e+03,5.983386871206786850e+01,-3.385981814701999326e-02
1.415891601562500000e+04,7.062687559531075879e-05,4.976725605462399053e-07,1.396032146224086156e-05,2.550358794921875415e+03,-7.154067040000000270e+04,5.635229641643889559e-04,2.008907296732704233e-05,1.772298237906189797e+03,6.318079454660229999e+01,-3.564907598240615871e-02
1.336687792968750000e+04,7.481178516480838623e-05,4.954139192364163609e-07,1.317619352725449112e-05,2.849539930156250193e+03,-7.578731264000000374e+04,5.635793826348029986e-04,2.119011611163890794e-05,1.771868043835559320e+03,6.662076495390127207e+01,-3.759916839500498931e-02
1.261914648437500000e+04,7.924466216777796849e-05,4.930668432092689031e-07,1.239209221990826512e-05,3.205749000000000251e+03,-8.056907048000000941e+04,5.656228456276580661e-04,2.250547090769935906e-05,1.765168007583793269e+03,7.023396871071531677e+01,-3.978882939695545240e-02
1.191324316406250000e+04,8.394019883826437506e-05,4.914093418865429805e-07,1.170628742138207883e-05,3.579648749843750466e+03,-8.527391232000000309e+04,5.651644062692998301e-04,2.372460703768592457e-05,1.766284139783555702e+03,7.414549937756449083e+01,-4.197823991481372530e-02
1.124682617187500000e+04,8.891397312609894237e-05,4.894095052165703276e-07,1.102053235781545147e-05,4.021717880000000150e+03,-9.056111816000001272e+04,5.666310464476938388e-04,2.516345046486339468e-05,1.761343186715692582e+03,7.821927920893816122e+01,-4.440888056278831375e-02
1.061768847656250000e+04,9.418245809409470819e-05,4.881463774614463180e-07,1.043320603229537243e-05,4.474709339687500687e+03,-9.563845320000000356e+04,5.649254365363773345e-04,2.643159777804065811e-05,1.766278560518289623e+03,8.264022374674901528e+01,-4.678776360309746390e-02
1.002374511718750000e+04,9.976311132306442788e-05,4.859854965433068308e-07,9.845375586086374447e-06,5.001517840000000433e+03,-1.013236444000000047e+05,5.650272903895417953e-04,2.789076616523826680e-05,1.765524164649307295e+03,8.714945715518112479e+01,-4.936180365024454147e-02
9.463025390625000000e+03,1.056744496311610846e-04,4.841902382175394614e-07,9.316116861050079671e-06,5.563839899687500292e+03,-1.070516888000000035e+05,5.635755398450409273e-04,2.929093515690302124e-05,1.769604911007639203e+03,9.197237821200305063e+01,-5.197339679602980961e-02
8.933671875000000000e+03,1.119360565277085465e-04,4.822575398789679404e-07,8.796733564537891526e-06,6.213450459687500370e+03,-1.133379236000000092e+05,5.632923543847538151e-04,3.088100634914404101e-05,1.769957481059921520e+03,9.703321514105363121e+01,-5.482234244573278709e-02
8.433929687500000000e+03,1.185686906403913464e-04,4.800409509446074975e-07,8.306480069981083981e-06,6.934197160000000622e+03,-1.199872019200000068e+05,5.629807032989708531e-04,3.253529652731921857e-05,1.770347181636870801e+03,1.023103814630598976e+02,-5.779113979692010461e-02
7.962143554687500000e+03,1.255943193100652634e-04,4.780735765708205792e-07,7.846032779318917575e-06,7.737222519375000957e+03,-1.269815034400000150e+05,5.624696268376177394e-04,3.427233530345471981e-05,1.771297490246643065e+03,1.079284971336353465e+02,-6.093188621782946041e-02
7.516748046875000000e+03,1.330362536783095105e-04,4.765016239002792612e-07,7.414788189131583994e-06,8.631316079375001209e+03,-1.343109389599999995e+05,5.616554612324754867e-04,3.609405050059555749e-05,1.773128247852240293e+03,1.139477579040600119e+02,-6.426368653371969386e-02
7.096267578125000000e+03,1.409191506648659021e-04,4.749814910365273340e-07,7.003271374604679097e-06,9.640102040000001580e+03,-1.421365925600000191e+05,5.611312947550327508e-04,3.805749696013278622e-05,1.773954044737171898e+03,1.203145347551383679e+02,-6.782280246327582196e-02
6.699308593750000000e+03,1.492691351661173092e-04,4.735740374111674260e-07,6.611430915631908966e-06,1.077889836000000105e+04,-1.504810995200000179e+05,5.608420222921762241e-04,4.017288000677297184e-05,1.773931613609561737e+03,1.270659811875373748e+02,-7.162958268102904980e-02
6.324555175781250000e+03,1.581138866223067774e-04,4.722446667954657243e-07,6.239067448261219650e-06,1.206275859937500172e+04,-1.593673148800000199e+05,5.607352373494489369e-04,4.244291755434793548e-05,1.773213738598982218e+03,1.342172909791499080e+02,-7.569154696782075253e-02
5.970765136718750000e+03,1.674827224152971184e-04,4.708342342652600616e-07,5.896024343602399525e-06,1.345825606031250209e+04,-1.685310871200000111e+05,5.598073780062871353e-04,4.470410276470994040e-05,1.775009461025962764e+03,1.417455511869760869e+02,-7.985622290995934847e-02
5.636765625000000000e+03,1.774067020925675032e-04,4.693451615438481711e-07,5.572631133371356164e-06,1.500727820062500177e+04,-1.781844846400000097e+05,5.587640674444616963e-04,4.706093140260647612e-05,1.777058448174620708e+03,1.496696559434372205e+02,-8.422326012809350226e-02
5.321450195312500000e+03,1.879186994704693371e-04,4.679048355738302691e-07,5.259133348299766256e-06,1.678436744062500293e+04,-1.886520929600000090e+05,5.584962186351884184e-04,4.968938112846811865e-05,1.776460574320481328e+03,1.580516100052001036e+02,-8.896995086178979828e-02
5.023772949218750000e+03,1.990535818613201188e-04,4.660096040821420472e-07,4.964693144136228089e-06,1.874133024062500044e+04,-1.996631677600000112e+05,5.580287410521494584e-04,5.237921964851103022e-05,1.776371514925172733e+03,1.667386407054768256e+02,-9.386473454709752529e-02
4.742747558593750000e+03,2.108482451670915686e-04,4.642725467951779461e-07,4.689990086845685131e-06,2.090229727875000026e+04,-2.111509020000000310e+05,5.571236023310325702e-04,5.515090414783707000e-05,1.777515138588778882e+03,1.759601758379472187e+02,-9.899222347982203352e-02
4.477442382812500000e+03,2.233417908042071133e-04,4.626162000988406740e-07,4.434914505514165181e-06,2.326752952000000369e+04,-2.230564000000000233e+05,5.556141557331886706e-04,5.795739898183528260e-05,1.780437113957929796e+03,1.857215175512549195e+02,-1.043123152709359569e-01
4.226978027343750000e+03,2.365756324095216593e-04,4.610423863480127283e-07,4.189828449753656316e-06,2.594904104000000370e+04,-2.358178632000000216e+05,5.545430893286610111e-04,6.102108291615547921e-05,1.781712568795346442e+03,1.960569565925668485e+02,-1.100384877035048975e-01
3.990524658203125000e+03,2.505936150386514280e-04,4.593421309518982001e-07,3.954052275366576127e-06,2.898876136000000406e+04,-2.495374800000000105e+05,5.539803892961889589e-04,6.435588474896484937e-05,1.781081532212334196e+03,2.069081866980723987e+02,-1.161699691765741976e-01
3.767298095703125000e+03,2.654422279831192646e-04,4.574735475546298503e-07,3.737795191306088959e-06,3.226098776000000362e+04,-2.635889344000000274e+05,5.524408284709454546e-04,6.761394155636235505e-05,1.783433447902074022e+03,2.182767071178819833e+02,-1.223912825985459946e-01
3.556558837890625000e+03,2.811706611869506964e-04,4.562681388402504541e-07,3.532501022128504806e-06,3.596416352000000188e+04,-2.784403152000000118e+05,5.509227694462583581e-04,7.115879233588978214e-05,1.785351327980882843e+03,2.306011866637680896e+02,-1.291629177124275774e-01
3.357608154296875000e+03,2.978310612929198245e-04,4.546419400230418337e-07,3.335746219013871162e-06,4.011345208000000275e+04,-2.943157776000000304e+05,5.497587655360588240e-04,7.492877913892255384e-05,1.785806437061590486e+03,2.433945659365345762e+02,-1.362939235099980551e-01
3.169786376953125000e+03,3.154786730332358093e-04,4.531289368063875816e-07,3.149630733131018930e-06,4.475126712000000407e+04,-3.110592920000000158e+05,5.485317636231289195e-04,7.891579550596849763e-05,1.786080535132506611e+03,2.569586222987588826e+02,-1.438673213465682388e-01
2.992471191406250000e+03,3.341719722722111155e-04,4.513597933380357912e-07,2.972370824187882659e-06,4.993628456000000733e+04,-3.288488640000000596e+05,5.474631998781746530e-04,8.313326007185077896e-05,1.785436480732295422e+03,2.711217033903235460e+02,-1.518517775995723018e-01
2.825075195312500000e+03,3.539728789022139523e-04,4.498594820888709151e-07,2.815366409025672074e-06,5.534238056000000506e+04,-3.463505504000000074e+05,5.443453301418816129e-04,8.697940968183561080e-05,1.791332911939477754e+03,2.862320490258055656e+02,-1.597871881424329232e-01
2.667042968750000000e+03,3.749470899858369649e-04,4.483346603586433401e-07,2.658205129483276862e-06,6.169410384000000340e+04,-3.657883224000000628e+05,5.427357841619886254e-04,9.153818144352427128e-05,1.791553870747817200e+03,3.021646776793598974e+02,-1.686606708361119700e-01
2.517850830078125000e+03,3.971641163384454767e-04,4.470242414870097661e-07,2.511325390690083230e-06,6.870334904000000097e+04,-3.859666856000000262e+05,5.406403115827959150e-04,9.623576701710853491e-05,1.792851766214136660e+03,3.191335554769712530e+02,-1.780033137657930642e-01
2.377004394531250000e+03,4.206975815024532189e-04,4.454482380604173473e-07,2.373798469164117179e-06,7.636242456000001403e+04,-4.069361848000000464e+05,5.381271465090313672e-04,1.009806823867976066e-04,1.795085973254304236e+03,3.368516301363475804e+02,-1.876520875073579842e-01
2.244036865234375000e+03,4.456254776792878381e-04,4.439611067929712827e-07,2.235797127010890835e-06,8.544466584000000148e+04,-4.303010680000000284e+05,5.371938334690045790e-04,1.066703083155436349e-04,1.790910155039276333e+03,3.556201253648609395e+02,-1.985694951610020298e-01
2.118507568359375000e+03,4.720304118499915754e-04,4.425383131021861200e-07,2.117786834366298303e-06,9.454207056000000739e+04,-4.524352952000000514e+05,5.332306502891499909e-04,1.114252806958980821e-04,1.796898792403655534e+03,3.754847029463257400e+02,-2.089626330284587441e-01
2.000000000000000000e+03,5.000000000000000104e-04,4.409176843671083375e-07,1.999100917373963662e-06,1.052105395200000057e+05,-4.770198464000000386e+05,5.307561697682267781e-04,1.170625151056269470e-04,1.796702265298686825e+03,3.962770440590226144e+02,-2.205579921129252330e-01
1.888121704101562500e+03,5.296268761847830941e-04,4.394272952097389560e-07,1.890502402244743155e-06,1.166488277600000147e+05,-5.018461336000000592e+05,5.271438868474987490e-04,1.225290230304382796e-04,1.799776768354148999e+03,4.183390808496856721e+02,-2.324394270475256263e-01
1.782501831054687500e+03,5.610092413808688604e-04,4.380238063939075797e-07,1.782519252900064875e-06,1.300067196000000113e+05,-5.290568168000000296e+05,5.246394048200880714e-04,1.289212156949493091e-04,1.797527888983900084e+03,4.417119235884492809e+02,-2.457330015826005298e-01
1.682790283203125000e+03,5.942511137493255644e-04,4.367199965189913220e-07,1.683885092092745035e-06,1.443133153600000078e+05,-5.564367152000000933e+05,5.209240174612693843e-04,1.351030044512172782e-04,1.798679765207793707e+03,4.664922948062200021e+02,-2.593526117487223726e-01
1.588656494140625000e+03,6.294626961135135236e-04,4.354436598200883248e-07,1.595426670075415556e-06,1.592117248000000254e+05,-5.833375368000000017e+05,5.155591907156272793e-04,1.407128168720432105e-04,1.805170542251394863e+03,4.926895621471617233e+02,-2.729324186360160276e-01
1.499788452148437500e+03,6.667607011958962340e-04,4.342766042238741012e-07,1.506474065190721900e-06,1.766745136800000037e+05,-6.128710832000001101e+05,5.113611659318977780e-04,1.474118909871514514e-04,1.805523089465705425e+03,5.204845236029315174e+02,-2.882735350434951216e-01
1.415891601562500000e+03,7.062687559531076421e-04,4.331061487356806673e-07,1.427619727412458019e-06,1.945950626400000183e+05,-6.414310928000001004e+05,5.052526747385069090e-04,1.532817429547707420e-04,1.812399473849279502e+03,5.498392471167147733e+02,-3.033764106921384984e-01
1.336687866210937500e+03,7.481178106558751843e-04,4.318884759890896485e-07,1.348640361955990049e-06,2.153672173600000096e+05,-6.725183424000000814e+05,5.001067854042542732e-04,1.601541548606673652e-04,1.813583432952684007e+03,5.807818059078349506e+02,-3.202399158235955112e-01
1.261914672851562500e+03,7.924466063464409744e-04,4.307539232042804768e-07,1.269493229474461675e-06,2.396856392000000342e+05,-7.063877536000000546e+05,4.959087360167011276e-04,1.682676430491094515e-04,1.808305451083389244e+03,6.135792214727410965e+02,-3.393117136848393112e-01
1.191324340820312500e+03,8.394019711806006024e-04,4.293637719508185135e-07,1.200229575925227629e-06,2.642394239999999991e+05,-7.386463240000000224e+05,4.895478679750669363e-04,1.751282615929727958e-04,1.810946839336252197e+03,6.478385313413294853e+02,-3.577347038959879932e-01
1.124682617187500000e+03,8.891397312609894237e-04,4.283939807429049881e-07,1.130344342385809660e-06,2.931796184000000358e+05,-7.735727808000000659e+05,4.840160580987204779e-04,1.834392919902167038e-04,1.806559103918394840e+03,6.846754718490748246e+02,-3.789942274039226344e-01
1.061768920898437500e+03,9.418245159726747022e-04,4.273627332864063481e-07,1.070918050540432038e-06,3.214451496000000043e+05,-8.055017112000000197e+05,4.758007077641507993e-04,1.898739972373050930e-04,1.812999241465779278e+03,7.234991611991176796e+02,-3.990620319367485513e-01
1.002374450683593750e+03,9.976311739769759632e-04,4.263427492938972560e-07,1.011486363384784782e-06,3.538487616000000271e+05,-8.394963856000000378e+05,4.681418063606957608e-04,1.973223485834614858e-04,1.813850279141630381e+03,7.645401290719746612e+02,-4.215012329649272527e-01
9.463024902343750000e+02,1.056744550838416849e-03,4.249418642619855740e-07,9.570481359245304480e-07,3.875379696000000113e+05,-8.728076064000000479e+05,4.594911094729248885e-04,2.040200501332256025e-04,1.817921773685790413e+03,8.071809960177517951e+02,-4.440130525425264874e-01
8.933671875000000000e+02,1.119360565277085573e-03,4.241140914970984055e-07,9.043253668353288285e-07,4.251015464000000502e+05,-9.064308864000000758e+05,4.504984491239746869e-04,2.112765465594392152e-04,1.819558858523335630e+03,8.533439185817320549e+02,-4.689839598122502728e-01
8.433930053710937500e+02,1.185686854920025212e-03,4.232734942021975904e-07,8.545653336148397954e-07,4.654209136000000290e+05,-9.396585984000001336e+05,4.408884223428065179e-04,2.183757937955901408e-04,1.821321728882660409e+03,9.021161775771382736e+02,-4.953085241730280086e-01
7.962143554687500000e+02,1.255943193100652689e-03,4.224866309202007362e-07,8.076171180411061411e-07,5.085663944000000483e+05,-9.721654976000001188e+05,4.306245790496989259e-04,2.252715098900082320e-04,1.823252864858176736e+03,9.537935031118651068e+02,-5.231273848490876066e-01
7.516748046875000000e+02,1.330362536783095051e-03,4.216555693334605119e-07,7.636361757221017508e-07,5.541292351999999955e+05,-1.003551620800000150e+06,4.196607162569883213e-04,2.317232785271080653e-04,1.826114030120796770e+03,1.008321993533495856e+03,-5.521681433370267955e-01
7.096267700195312500e+02,1.409191482407684071e-03,4.210126316362226967e-07,7.216916695214176717e-07,6.030917632000000449e+05,-1.033808177600000054e+06,4.081300393908722209e-04,2.380904604977527694e-04,1.828071148035482111e+03,1.066440250533927610e+03,-5.833691165029143422e-01
6.699309082031250000e+02,1.492691242865894262e-03,4.202218895613293265e-07,6.815875508713204628e-07,6.554210144000001019e+05,-1.063073616800000193e+06,3.962068342461497216e-04,2.442749788067397065e-04,1.828786583778293334e+03,1.127509082079478958e+03,-6.165339860215031109e-01
6.324555053710937500e+02,1.581138896740647828e-03,4.199353075339616917e-07,6.435226811836342736e-07,7.111917072000000626e+05,-1.089853570400000084e+06,3.834658876817538292e-04,2.502333953113137816e-04,1.828964490065478003e+03,1.193503800350393249e+03,-6.525571200716231424e-01
5.970765380859375000e+02,1.674827155670400008e-03,4.191683575711224828e-07,6.084724024835224314e-07,7.677908952000000281e+05,-1.114539211200000020e+06,3.702149613351640917e-04,2.550360487307716854e-04,1.831817787847300224e+03,1.261914345445293975e+03,-6.888863913305807163e-01
5.636765747070312500e+02,1.774066982506317981e-03,4.186108429927770871e-07,5.752391230322981633e-07,8.270733528000001097e+05,-1.136532792000000132e+06,3.564023549400272060e-04,2.593597762606958271e-04,1.834382173702366345e+03,1.334909670358695848e+03,-7.277162248390277588e-01
5.321450195312500000e+02,1.879186994704693317e-03,4.182334112218255863e-07,5.432505845965738263e-07,8.897818688000000548e+05,-1.155753001600000076e+06,3.421555896582239610e-04,2.634160063309330516e-04,1.835023342437901192e+03,1.412733081087088067e+03,-7.698719947672252317e-01
5.023772888183593750e+02,1.990535842796751533e-03,4.177613246573074554e-07,5.129485692862960719e-07,9.545759072000001324e+05,-1.172076774399999995e+06,3.275779535236187441e-04,2.667897095082373419e-04,1.835334454151013460e+03,1.494753662773902079e+03,-8.144312113757724569e-01
4.742747497558593750e+02,2.108482478805304931e-03,4.169098954214685418e-07,4.843996077686379571e-07,1.020695098400000134e+06,-1.185926049600000028e+06,3.129076779168182398e-04,2.693113396144277772e-04,1.835883724852422574e+03,1.580096431663037038e+03,-8.606734785396352727e-01
4.477442321777343750e+02,2.233417938487356966e-03,4.167233453126075142e-07,4.581330394341656889e-07,1.086506625600000145e+06,-1.194472516000000061e+06,2.975327448470177602e-04,2.706393778668064569e-04,1.839217140812594607e+03,1.672974122587490456e+03,-9.096120764992134955e-01
4.226978149414062500e+02,2.365756255774869709e-03,4.164943686400647962e-07,4.329554743218163249e-07,1.153986131200000178e+06,-1.199595121600000188e+06,2.820936441623470774e-04,2.713683535398401657e-04,1.841130722419122549e+03,1.771130343181202534e+03,-9.619796799947240018e-01
3.990524597167968750e+02,2.505936188714859552e-03,4.163240369720798797e-07,4.088101053062568088e-07,1.222858915200000163e+06,-1.200788418400000082e+06,2.665784816425720793e-04,2.714781953938762279e-04,1.841463109669999767e+03,1.875309210320640204e+03,-1.018380004721737730e+00
3.767298278808593750e+02,2.654422150815861567e-03,4.159736910343050268e-07,3.866626277023906859e-07,1.289672548000000184e+06,-1.198797392800000031e+06,2.512490361340071832e-04,2.702950361417311956e-04,1.844903196904575225e+03,1.984756574426601674e+03,-1.075805265965540158e+00
3.556558837890625000e+02,2.811706611869507072e-03,4.156049859820701889e-07,3.652038161162232303e-07,1.357736615200000117e+06,-1.193081435200000182e+06,2.360634191866841497e-04,2.686421381498898912e-04,1.845766254566893622e+03,2.100497378459280299e+03,-1.138008332995641858e+00
3.357608032226562500e+02,2.978310721209648064e-03,4.154032158794944161e-07,3.445807041358550770e-07,1.426053406400000211e+06,-1.182924128000000026e+06,2.209609318235693947e-04,2.663755705457377266e-04,1.844728050346017426e+03,2.223879501490368511e+03,-1.205532436650070593e+00
3.169786376953125000e+02,3.154786730332357660e-03,4.152845784561464398e-07,3.254711117134171218e-07,1.491722089600000065e+06,-1.169107816800000146e+06,2.061641587658760157e-04,2.630549768768416044e-04,1.845669116904347447e+03,2.354979884844731714e+03,-1.275949119631273332e+00
2.992471313476562500e+02,3.341719586405091525e-03,4.154382185158056506e-07,3.074471632270355306e-07,1.555292064800000051e+06,-1.151001790400000056e+06,1.916172497231133549e-04,2.589229577736704038e-04,1.846766070586358182e+03,2.495444089732181965e+03,-1.351250778037017319e+00
2.825075073242187500e+02,3.539728941972340205e-03,4.152790565849565201e-07,2.913100191139601787e-07,1.613873488000000129e+06,-1.132100232800000114e+06,1.779276653775929001e-04,2.536460408849345476e-04,1.853518056093253335e+03,2.642295764624807362e+03,-1.425557067511981968e+00
2.667042846679687500e+02,3.749471071471317460e-03,4.152191675517945620e-07,2.749710879195941361e-07,1.674162446400000248e+06,-1.108682607200000202e+06,1.644999743886580009e-04,2.484026336904304765e-04,1.853226201355173771e+03,2.798457999471137555e+03,-1.510046640515206207e+00
2.517850799560546875e+02,3.971641211522680161e-03,4.151443667983974858e-07,2.596125525787224758e-07,1.731618698400000110e+06,-1.082876190400000196e+06,1.516831725975134615e-04,2.425553541863974803e-04,1.853391164637831935e+03,2.963743061845994816e+03,-1.599092041870791459e+00
2.377004394531250000e+02,4.206975815024532189e-03,4.150050631124804628e-07,2.453799554953782590e-07,1.785424736800000072e+06,-1.055667704800000181e+06,1.396001316336523070e-04,2.361022575058118909e-04,1.855583453900465202e+03,3.138302502507958707e+03,-1.691275321468941772e+00
2.244036865234375000e+02,4.456254776792878056e-03,4.148998770083893518e-07,2.312067418304259668e-07,1.839107709600000177e+06,-1.024859550400000066e+06,1.279448905868615070e-04,2.295967623957709605e-04,1.852003908830665068e+03,3.323416038432236746e+03,-1.794497313199843846e+00
2.118507385253906250e+02,4.720304526482207476e-03,4.149940132582923586e-07,2.187797796973877390e-07,1.885611123200000264e+06,-9.940711744000001345e+05,1.171591117156531341e-04,2.222341115248688758e-04,1.856301821975137273e+03,3.521139586051701372e+03,-1.896857259077162405e+00
2.000000000000000000e+02,5.000000000000000104e-03,4.148873085849239555e-07,2.066775941595429197e-07,1.931081664800000144e+06,-9.619752264000000432e+05,1.070341811623179272e-04,2.148618166841325403e-04,1.857525542536023295e+03,3.728821095022106874e+03,-2.007413093190234310e+00
1.888121795654296875e+02,5.296268505038187295e-03,4.148946668975451382e-07,1.955053061539593564e-07,1.972308640800000168e+06,-9.293848184000001056e+05,9.762345796899792646e-05,2.071731600140696249e-04,1.861229536796739012e+03,3.949837597149617977e+03,-2.122165761428581376e+00
1.782501831054687500e+02,5.610092413808689255e-03,4.154319316314252882e-07,1.841685377793613949e-07,2.011759956000000238e+06,-8.918498104000000749e+05,8.844032226014111224e-05,1.994962568180496710e-04,1.857192186806337986e+03,4.189298274714375111e+03,-2.255716077461196623e+00
1.682790222167968750e+02,5.942511353029387988e-03,4.153001338643625258e-07,1.741910600624064300e-07,2.047662147200000240e+06,-8.588594392000000225e+05,8.040456013303821665e-05,1.916976943282438573e-04,1.860661085780618578e+03,4.436122024425699237e+03,-2.384164455486839085e+00
1.588656463623046875e+02,6.294627082052888477e-03,4.153676286024248319e-07,1.649828159676992290e-07,2.079441640800000168e+06,-8.259481816000001272e+05,7.299807419126742272e-05,1.837830006205431121e-04,1.866723997221148238e+03,4.699742306088369332e+03,-2.517641768726668783e+00
1.499788360595703125e+02,6.667607418974825194e-03,4.156153809308943789e-07,1.558569585652988541e-07,2.109427892800000031e+06,-7.910415032000000356e+05,6.600211557904146417e-05,1.760042968959602406e-04,1.867960166216609196e+03,4.981189054325006509e+03,-2.666646293862878103e+00
1.415891571044921875e+02,7.062687711757506016e-03,4.156679829132562605e-07,1.475374030661050045e-07,2.136592426400000229e+06,-7.583631912000001175e+05,5.973596023320797323e-05,1.682985167252718309e-04,1.873024814094688281e+03,5.277010644361003870e+03,-2.817373589848357174e+00
1.336687774658203125e+02,7.481178618961368057e-03,4.157015328357763513e-07,1.395352391977740721e-07,2.161983496800000314e+06,-7.256958672000000952e+05,5.396513070168602183e-05,1.607722012113178150e-04,1.876399539812926605e+03,5.590144607176925092e+03,-2.979186728927812222e+00
1.261914672851562500e+02,7.924466063464410612e-03,4.157937433740309741e-07,1.312920504322636552e-07,2.186983394400000107e+06,-6.905672312000000384e+05,4.848021798419595730e-05,1.535338297244255275e-04,1.870164605595116427e+03,5.922694782554207450e+03,-3.166937693524314312e+00
1.191324310302734375e+02,8.394019926831546366e-03,4.155268762345622821e-07,1.244290017055356027e-07,2.208544048000000417e+06,-6.613457440000000643e+05,4.383158490828300945e-05,1.463742480266041698e-04,1.877426766116640465e+03,6.269609727559983185e+03,-3.339469661726590211e+00
1.124682617187500000e+02,8.891397312609895104e-03,4.160502010997742453e-07,1.171523498161750187e-07,2.226981912000000011e+06,-6.270785672000000486e+05,3.923562252286754408e-05,1.393398311389230817e-04,1.872373189033094377e+03,6.649471760945329152e+03,-3.551360273631753550e+00
1.061768875122070312e+02,9.418245565778438425e-03,4.158112608437234642e-07,1.112368207105041411e-07,2.244320976000000257e+06,-6.003953080000000773e+05,3.546466707599983046e-05,1.325694840798506105e-04,1.883171921177299510e+03,7.039432500216061271e+03,-3.738072143628410782e+00
1.002374496459960938e+02,9.976311284172265439e-03,4.165277145209404073e-07,1.053422154817560804e-07,2.256473704000000376e+06,-5.706749655999999959e+05,3.182346297421755369e-05,1.258313605820096399e-04,1.889051648621123377e+03,7.469392609731490666e+03,-3.954043615050773841e+00
9.463024902343750000e+01,1.056744550838416979e-02,4.169664045501869018e-07,9.975920118008457929e-08,2.268428648000000045e+06,-5.427214936000000453e+05,2.857166910559441513e-05,1.194218277414965277e-04,1.894935240384585768e+03,7.920315366321730835e+03,-4.179728783087208299e+00
8.933671569824218750e+01,1.119360603514637890e-02,4.169461088129109676e-07,9.408458463816804081e-08,2.282185624000000302e+06,-5.149789912000000477e+05,2.559458557986348150e-05,1.134252003688381586e-04,1.893040398456540743e+03,8.389215204569201887e+03,-4.431609178234764634e+00
8.433930206298828125e+01,1.185686833468406302e-02,4.173216898190833148e-07,8.903038780981006926e-08,2.291920992000000086e+06,-4.889528144000000320e+05,2.294169810270962491e-05,1.075370831810202693e-04,1.897490695407093881e+03,8.894311738986067212e+03,-4.687407300871035076e+00
7.962143707275390625e+01,1.255943169031541531e-02,4.175631609851927192e-07,8.442237236878075390e-08,2.300799296000000089e+06,-4.651725848000000697e+05,2.060500530499661203e-05,1.019148231192417255e-04,1.905894834213453350e+03,9.426784028327265332e+03,-4.946119722402007035e+00
7.516748046875000000e+01,1.330362536783095094e-02,4.173821262951861963e-07,7.984446182714955178e-08,2.311303824000000022e+06,-4.421483296000000555e+05,1.848956056130430627e-05,9.665306678436048308e-05,1.909352864695382777e+03,9.981027365925376216e+03,-5.227439909342134428e+00
7.096267700195312500e+01,1.409191482407684201e-02,4.180759546481540411e-07,7.583292772638189326e-08,2.315721000000000000e+06,-4.200382760000000126e+05,1.658240298771206309e-05,9.142076097157290741e-05,1.920875535941662974e+03,1.059001541318192540e+04,-5.513118999659925912e+00
6.699308776855468750e+01,1.492691310862941621e-02,4.182908875172044688e-07,7.174596930314160996e-08,2.322357752000000328e+06,-3.983347784000000102e+05,1.484591018312678877e-05,8.655411595685122926e-05,1.925036217445371904e+03,1.122328007718097251e+04,-5.830165674532023168e+00
6.324555206298828125e+01,1.581138858593672883e-02,4.189941728016434839e-07,6.846527740501015063e-08,2.324599304000000004e+06,-3.798485672000000486e+05,1.336500383870258301e-05,8.179122235584768640e-05,1.945860834692302888e+03,1.190828959906258751e+04,-6.119805377009725156e+00
5.970765304565429688e+01,1.674827177071203099e-02,4.188842743368378934e-07,6.426175901791378987e-08,2.332400784000000451e+06,-3.578176272000000463e+05,1.188557890068109017e-05,7.747503599297925344e-05,1.934612552205637485e+03,1.261059123556970917e+04,-6.518406603530235266e+00
5.636766052246093750e+01,1.774066886457932590e-02,4.187175928899285817e-07,6.151640376162697169e-08,2.337784904000000097e+06,-3.434585088000000105e+05,1.077042640999169920e-05,7.330999123851523157e-05,1.961698775742658427e+03,1.335250013211047917e+04,-6.806600634725635146e+00
5.321450042724609375e+01,1.879187048588724235e-02,4.194360490690127674e-07,5.809303746121796107e-08,2.339279272000000346e+06,-3.239965632000000332e+05,9.591775387711057882e-06,6.925333134568336280e-05,1.962300379489502120e+03,1.416795461606157733e+04,-7.220074339356449045e+00
5.023772811889648438e+01,1.990535873026190103e-02,4.197320315866165018e-07,5.529585383139581619e-08,2.341828488000000361e+06,-3.085144712000000291e+05,8.622518573926855174e-06,6.545060773386192441e-05,1.978490502291412895e+03,1.501804892160099189e+04,-7.590660103855769947e+00
4.742747497558593750e+01,2.108482478805304844e-02,4.198028151853429662e-07,5.246876340870001987e-08,2.345432552000000142e+06,-2.931422592000000295e+05,7.734585445399432002e-06,6.188445340283863579e-05,1.988576110721641271e+03,1.591060652580279202e+04,-8.001004557994482624e+00
4.477442169189453125e+01,2.233418014600575124e-02,4.209782288158388208e-07,4.991486723060482700e-08,2.342487768000000156e+06,-2.777458736000000499e+05,6.918408604546138033e-06,5.834933682404589507e-05,2.003878232268970578e+03,1.690055800581127551e+04,-8.433924643552291656e+00
4.226977920532226562e+01,2.365756383875523491e-02,4.206303418374969392e-07,4.738977161822445268e-08,2.347586200000000186e+06,-2.644877528000000166e+05,6.219624324927140518e-06,5.520521869087947626e-05,2.015236539412086586e+03,1.788718547295839380e+04,-8.875973178898739491e+00
3.990524673461914062e+01,2.505936140804428114e-02,4.216491487999202866e-07,4.509712294576153522e-08,2.344817224000000395e+06,-2.507879144000000379e+05,5.567563917906507513e-06,5.205561759888418616e-05,2.031375584684906698e+03,1.899295853541433462e+04,-9.349801522971635137e+00
3.767298126220703125e+01,2.654422258328636638e-02,4.215544758658372838e-07,4.276936953301707398e-08,2.348003744000000414e+06,-2.382198400000000256e+05,4.992712123270424271e-06,4.921045517515730902e-05,2.040676913769729481e+03,2.011384540358053346e+04,-9.856457564575645591e+00
3.556558990478515625e+01,2.811706491238193800e-02,4.222643368204471536e-07,4.099748608706070241e-08,2.346069856000000145e+06,-2.277790424000000348e+05,4.506842558145997348e-06,4.641940434904670137e-05,2.072042233833786213e+03,2.134154123196168803e+04,-1.029976169572306510e+01
3.357608032226562500e+01,2.978310721209647891e-02,4.227176038238379588e-07,3.911293315502378081e-08,2.345564408000000287e+06,-2.170288227200000256e+05,4.053927869563537409e-06,4.381330002289706522e-05,2.093928187398852060e+03,2.263037401077001778e+04,-1.080761706488235774e+01
3.169786453247070312e+01,3.154786654399442669e-02,4.235074718713209781e-07,3.693373573442999854e-08,2.343410760000000242e+06,-2.043669108000000124e+05,3.603870631375453074e-06,4.132444524484748746e-05,2.094424092428713720e+03,2.401609896136220777e+04,-1.146668387180024773e+01
2.992471313476562500e+01,3.341719586405091785e-02,4.229279416067900890e-07,3.539231381958411078e-08,2.348025720000000205e+06,-1.964922507200000109e+05,3.271176899019951300e-06,3.908962040703469035e-05,2.125936815793167170e+03,2.540433174482016329e+04,-1.194971156061477124e+01
2.825075149536132812e+01,3.539728846378463467e-02,4.236092096267230215e-07,3.366543575440239730e-08,2.345850096000000369e+06,-1.864314181600000302e+05,2.930068108900976714e-06,3.686878865370690186e-05,2.142030388850500003e+03,2.695297950803220374e+04,-1.258291182437251088e+01
2.667042922973632812e+01,3.749470964213223040e-02,4.240622412379449253e-07,3.278181454983273244e-08,2.344135968000000343e+06,-1.812116786400000274e+05,2.688715161070384653e-06,3.478094769649556125e-05,2.209400136337036656e+03,2.858057695928505200e+04,-1.293589897512578979e+01
2.517850875854492188e+01,3.971641091177118693e-02,4.248444998688539976e-07,3.104412640473469300e-08,2.341301064000000246e+06,-1.710829402400000254e+05,2.396433144370556581e-06,3.279562218681009606e-05,2.216260626748777213e+03,3.032992860789647239e+04,-1.368518135540315406e+01
2.377004432678222656e+01,4.206975747509558716e-02,4.252651754739774188e-07,2.942716649897612696e-08,2.340268192000000272e+06,-1.619400452000000223e+05,2.141474242954602009e-06,3.094740432228763264e-05,2.225306556280230780e+03,3.215890266474794407e+04,-1.445144830674655090e+01
2.244036865234375000e+01,4.456254776792878403e-02,4.255009815722699681e-07,2.828878966476554717e-08,2.339828672000000253e+06,-1.555599728800000157e+05,1.942032320629554834e-06,2.921074632267401695e-05,2.265978432136698757e+03,3.408332624059438240e+04,-1.504132861867338811e+01
2.118507385253906250e+01,4.720304526482207996e-02,4.255023511423863941e-07,2.726407163912022144e-08,2.340553880000000354e+06,-1.499710365600000077e+05,1.767526700193323722e-06,2.758526960294739326e-05,2.313300887685454654e+03,3.610300690369273798e+04,-1.560670602595720347e+01
2.000000000000000000e+01,5.000000000000000278e-02,4.262603296431108064e-07,2.634099327590062252e-08,2.337059695999999996e+06,-1.444198989600000205e+05,1.606888119829890500e-06,2.600329655316950084e-05,2.367410363214538393e+03,3.831036708655940311e+04,-1.618239392791221931e+01
